mongo_id,user_mongo_id,person_mongo_id,pending,created_at,updated_at
4d0916c4cc8cb40e9300000a,4d0916c1cc8cb40e93000002,4d0916c3cc8cb40e93000007,false,,
4d0916c5cc8cb40e9300000d,4d0916c2cc8cb40e93000006,4d0916c1cc8cb40e93000003,false,,
4d09178fcc8cb4095000000f,4d0916c1cc8cb40e93000002,4d090bd1cc8cb4054e000297,true,,
4d0929bccc8cb40950000022,4d0916c1cc8cb40e93000002,4d090bd1cc8cb4054e00029a,true,,
4d0959f5cc8cb40950000053,4d0916c1cc8cb40e93000002,4d092a79cc8cb4149a00029d,true,,
4d0968cacc8cb430fa000027,4d0916c1cc8cb40e93000002,4d092a79cc8cb4149a000297,true,,
4d0968dacc8cb430fa00002a,4d0916c1cc8cb40e93000002,4d092a79cc8cb4149a00029a,true,,
4d096903cc8cb430fa00002d,4d0916c1cc8cb40e93000002,4d092a7acc8cb4149a0002a0,true,,
4d096909cc8cb430fa000030,4d0916c1cc8cb40e93000002,4d092a7acc8cb4149a0002a3,true,,
4d09695bcc8cb430fa000034,4d0916c1cc8cb40e93000002,4d092a7acc8cb4149a0002a6,true,,
4d0969cbcc8cb430fa000038,4d0916c1cc8cb40e93000002,4d0969b9cc8cb43288000004,true,,
4d096a2acc8cb43313000003,4d0916c1cc8cb40e93000002,4d0969b9cc8cb43288000006,true,,
4d096a63cc8cb43313000006,4d0916c1cc8cb40e93000002,4d0969b9cc8cb43288000003,true,,
4d096a72cc8cb43313000009,4d0916c1cc8cb40e93000002,4d0969b9cc8cb4328800000a,true,,
4d096af3cc8cb4331300000b,4d0916c1cc8cb40e93000002,4d0969b9cc8cb43288000008,true,,
4d096bbecc8cb43313000015,4d0916c1cc8cb40e93000002,4d0969b9cc8cb4328800000e,true,,
