aspect_mongo_id,post_mongo_id
4d0916c2cc8cb40e93000004,4d0aa87acc8cb4144b000009
4d0916c2cc8cb40e93000004,4d0aaa8acc8cb41628000006
4d0916c2cc8cb40e93000004,4d0aab4ecc8cb41628000007
4d0916c2cc8cb40e93000004,4d0aacd9cc8cb41628000008
4d0916c2cc8cb40e93000004,4d0aace0cc8cb41628000009
4d0916c2cc8cb40e93000004,4d0aad46cc8cb4162800000c
4d0916c2cc8cb40e93000004,4d0aadbfcc8cb4162800000d
4d0916c2cc8cb40e93000004,4d0aaeb9cc8cb4162800000e
4d0916c2cc8cb40e93000004,4d0aafaccc8cb4162800000f
4d0916c2cc8cb40e93000004,4d0ab02ccc8cb41628000010
4d0916c2cc8cb40e93000004,4d0ab2eccc8cb41628000011
4d0916c2cc8cb40e93000005,4d0aa87acc8cb4144b000009
4d0916c2cc8cb40e93000005,4d0aaa8acc8cb41628000006
4d0916c2cc8cb40e93000005,4d0aab4ecc8cb41628000007
4d0916c2cc8cb40e93000005,4d0aacd9cc8cb41628000008
4d0916c2cc8cb40e93000005,4d0aace0cc8cb41628000009
4d0916c2cc8cb40e93000005,4d0aad46cc8cb4162800000c
4d0916c2cc8cb40e93000005,4d0aadbfcc8cb4162800000d
4d0916c2cc8cb40e93000005,4d0aaeb9cc8cb4162800000e
4d0916c2cc8cb40e93000005,4d0aafaccc8cb4162800000f
4d0916c2cc8cb40e93000005,4d0ab02ccc8cb41628000010
4d0916c2cc8cb40e93000005,4d0ab2eccc8cb41628000011
4d0916c4cc8cb40e93000008,4d0aa87acc8cb4144b000009
4d0916c4cc8cb40e93000008,4d0aaa8acc8cb41628000006
4d0916c4cc8cb40e93000008,4d0aab4ecc8cb41628000007
4d0916c4cc8cb40e93000008,4d0aacd9cc8cb41628000008
4d0916c4cc8cb40e93000008,4d0aace0cc8cb41628000009
4d0916c4cc8cb40e93000008,4d0aad46cc8cb4162800000c
4d0916c4cc8cb40e93000008,4d0aadbfcc8cb4162800000d
4d0916c4cc8cb40e93000008,4d0aaeb9cc8cb4162800000e
4d0916c4cc8cb40e93000008,4d0aafaccc8cb4162800000f
4d0916c4cc8cb40e93000008,4d0ab02ccc8cb41628000010
4d0916c4cc8cb40e93000008,4d0ab2eccc8cb41628000011
4d0916c4cc8cb40e93000009,4d0aa87acc8cb4144b000009
4d0916c4cc8cb40e93000009,4d0aaa8acc8cb41628000006
4d0916c4cc8cb40e93000009,4d0aab4ecc8cb41628000007
4d0916c4cc8cb40e93000009,4d0aacd9cc8cb41628000008
4d0916c4cc8cb40e93000009,4d0aace0cc8cb41628000009
4d0916c4cc8cb40e93000009,4d0aad46cc8cb4162800000c
4d0916c4cc8cb40e93000009,4d0aadbfcc8cb4162800000d
4d0916c4cc8cb40e93000009,4d0aaeb9cc8cb4162800000e
4d0916c4cc8cb40e93000009,4d0aafaccc8cb4162800000f
4d0916c4cc8cb40e93000009,4d0ab02ccc8cb41628000010
4d0916c4cc8cb40e93000009,4d0ab2eccc8cb41628000011
